Nom base/enquête/registre;Point d'accès;Champ géographique;Objectifs;Principales données;Modalités de collecte;Nombre d'individus/entreprises/sites dans la base;Nomenclatures/classifications/thésaurus employés;Commentaires sur l'accès aux données;Coût d'accès;Format de mise à disposition données individuelles/granulaires;Format de mise à disposition données agregées ;Conditions de réutilisation
RNV3P (Réseau National de Vigilance et de Prévention des Pathologies Professionnelles);Anses;Tous les  31  CCPP et 8 SST participant au  réseau (France métropolitaine + Ile de la Réunion courant 2017).;"Principaux
- repérer et décrire les situations professionnelles à risque sanitaire en France,
 - rechercher des étiologies nouvelles et des risques émergents,
- améliorer et harmoniser les pratiques de diagnostic des pathologies liées au travail,
- constituer une plateforme d'échanges entre cliniciens et professionnels de santé,
- guider des choix en matière de pérvention et contribuer à définir des actions prioritaires régionales ou nationales
";"Données cliniques et socio-professionnelles issues des consulations  aux CCPP et aux SST.
Pathologies (code CIM10), secteurs d'activité (NAF),  postes de travail (CITP),  expositions (TEP rnv3p)";"La collecte des données repose sur 3 étapes successives : (i) la consultation avec le Médecin du Travail du SST ou du CCPP, (ii) le codage, (iii) la validation par un médecin senior.
Cette modalité de collecte assure une haute qualification des données intégrées dans la base du rnv3p.";"Individus > 240 000 patients depuis 2001
> 80 000 entreprises distinctes
Sites géographiques :
   -  31 CCPP + 8 SST ;
   - Toutes les régions de France (dont Ile de La réunion pour l'Outre-Mer) sont représentées";"Pathologie : CIM-10 (Classification internationale des maladies V10)
Secteur d'activité : NAF (Nomenclature d'activités française, Version 93/08)
Poste de travail : CITP (Classification internationale type des professions, Version 88/08)
Exposition : TEP (Thesaurus des expositions professionnelles)
Tableau des maladies professionnelles (Inrs)";Il est possible d’accéder aux informations contenues dans la base au moyen d’une demande auprès de la mission rnv3p. Si la demande émane d'un partenaire du réseau, et si accord, l'autorisation est délivrée au niveau de la mission rnv3p. Si la demande émane d'un non partenaire du réseau, la demande est portée auprès du Copil du rnv3p.   Il est attendu que l’utilisation des données réponde à une mission de prévention et de vigilance des pathologies professionnelles.;Soit dans le cadre du partenariat, soit à titre gracieux pour les requêtes issues de non membres (peu nombreuses à l'heure actuelle);Le format du fichier de données transmis est variable selon la demande (xlsx, csv, txt, etc.);Document texte (word, rtf), excel, html ou application web ;Une traçabilité est assurée
R-nano;Anses;France et Outre Mer, mais également ouvert, sur la base du volontariat, aux entités européennes;"Recueil annuel des déclarations provenant des producteurs, importateurs et distributeurs français de substances à l'état nanoparticulaire.

Principaux objectifs visés :

- Connaissance des nanomatériaux : identité, quantités, usages

- Traçabilité : depuis le fabricant ou l’importateur jusqu’au distributeur auprès du dernier utilisateur professionnel

-  Rassemblement de connaissances sur les nanomatériaux en vue de l’évaluation des risques et de l’information du public

";"identité du déclarant
identité de la substance (plus d'une dizaine de paramètres physico-chimique)
quantités manipulées
usages prévus
identité des acteurs à qui la substance est cédée à titre onéreux ou gratuit

l'ensemble des champs qui constituent la déclaration sont disponibles dans le fichier excel :
https://www.r-nano.fr/download?fileId=ddf0222c-46b2-4cb2-9181-b139d233d95f";Déclaration annuelle par les acteurs sur le site www.r-nano.fr;Plus de 1500 entreprises françaises inscrites, déclarent chaque année.;TVA, SIRET, NACE, descripteurs d'usages de l'ECHA (SU, PC,  PROC, AC), numéro CAS, numéro CE, numéro d'enregistrement REACH;"Il est possible pour les organismes définis dans le décret simple n° 2012-233 du 17 février 2012 d’accéder aux informations contenues dans les déclarations. La demande doit être validée par la DGPR .

L'accès aux données est conditionné par la signature d'une charte de confidentialité.";Gratuit;Excel, CSV;"Excel
CSV
Word";Signature d'une charte de confidentialité et respect de la confidentialité des données.
Surveillance médicale des expositions aux risques professionnels (SUMER);DARES;France entière, métropôle et DOM;"L’enquête SUMER vise à :
- décrire l’ensemble des expositions liées aux postes de travail (ambiances et contraintes physiques, contraintes organisationnelles et relationnelles, agents biologiques ou produits chimiques) auxquelles sont soumis les salariés,
- caractériser ces expositions (durée et intensité),
- décrire les protections collectives ou individuelles mises en place par les entreprises";Données d'expositions et protections, selon les caractéristiques des salariés et de l'employeur;Entretien en face à face lors de l'examen médical périodique et les visites d'embauche de plus de 3 mois (Médecin du Travail) et autoquestionnaire;50 000 (Sumer 2010);NAF 2003 et NAF 2008 - Des nomenclatures spécifiques pour la fonction publique d’Etat, territoriale et Hospitalière, la MSA, ENGIE, la SNCF pour la variable « Nature de la Structure administrative (STRUC) et/ou la variable « Métier spécifique » (METIE). Ces nomenclatures sont consultables sur le site du ministère, à la page réservée à la collecte de SUMER 2016-2017;Accès aux données individuelles: via réseau Quetelet ou sur demande pour les chercheurs;Gratuit;Exploitable (Excel);Exploitable (Excel);
Enquêtes conditions de travail;DARES;France entière;"L'enquête conditions de travail  vise à :
- Mesurer l'exposition des risques psychosociaux au travail
- Mesurer l'évolution des conditions de travail
- Etudier les trajectoires individuelles
- Observer les relations entre travail et santé
-Mieux comprendre le lien entre organisation dans l'entreprise et les conditions de travail";Questionnaire de l'enquête : http://dares.travail-emploi.gouv.fr/IMG/pdf/Questionnaire_personnes_en_emploi.pdf;Entretien en face à face avec un enqueteur Insee  + volet postal pour l'employeur;27 000;NAF 2008 - PCS_2003; accès via le CASD (volets employeurs);Accès à tous (site internet DARES, collection Synthèses Stat') - (données par sexe, par secteur, par CSP, par age , etc.);Accès aux données individuelles anonymisées via le réseau Quetelet et aux données non anonymisées et sensibles par demande au comité du secret (données de santé);Gratuit;Exploitable (Excel)
MATGENE;Santé Publique France;France entière;"Documenter l'exposition de tous les travailleurs en France (tous status, toutes entreprises) des années 50-60 à nos jours
produire des indicateurs d'exposition professionnelle;";"Matrices disponibles : poussières de silice, poussières de ciment, poussières de farine, poussières de cuir, fibres d'amiante, fibres de laines minérales, fibres céramiques réfractaires, solvants pétroliers (5 solvants + 1 évaluation générale), solvants chlorés (5 solvants + 1 évaluation générale), solvants oxygénés (5 solvants + 1 évaluation générale)
- plusieurs matrices en développement";;;"Plusieurs versions utilisées selon les matrices :
- professions : CITP1968; PCS1982 (màj 1994); PCS2003
- secteurs d'activité : CITI1975; NAF1993 (màj 2000); NAF2003; NAF2008
- attention : toutes les associations entre les codes professions et secteurs d'activité ne sont pas disponibles. Les emplois sont disponibles selon les matrices pour les associations CITP1968xCITI1975, CITP68xNAF1993, PCS2003xNAF2003 et PCS2003xNAF2008
- transcodage initié pour avoir les matrices en PCS2003 x NAF2008";Documents pour faire demande de fichiers et engagement concernant l'utilisation des données;Gratuit;Données mises à disposition sous excel;;utilisation des données spécifiées dans les documents de demande
MATPHYTO;Santé Publique France;Métropole et 3 départements ultramarins : Guadeloupe, Martinique, La Réunion.;Produire des indicateurs d'exposition professionnelle aux produits phytopharmaceutiques. ;3 indicateurs d'exposition (probabilité, fréquence et intensité d’utilisation) sont attribués aux grands groupes de produits phytopharmaceutiques (Herbicides, Insecticides, Fongicides...), aux familles chimiques (phythormones de synthèse, organophosphorés...) et aux substances actives spécifiques. Les données sont différenciées selon des périodes historiques et selon des zones géographiques.;Revue bibliographique (technique agricole, statistique), entretiens avec des spécialistes. Expertise agronomique interne pour compiler les données.;Non concerné : base de données sur l'utilisation des produits phytopharmaceutiques sur les cultures agricoles.;Nom des subtsances actives phytopharmaceutiques recensées.;Données complètes fournies après demande motivée et signature d'un engagement sur le bon usage des données. Accès libre prochainement prévu en consultation modérée sur Internet.;Gratuit;Non concerné;Excel;Uitlisation des données selon les objectifs et hypothèses d’étude définis dans la demande formalisée. Citation de la source dans les publications. Fourniture d'un exemplaire de l'article, du rapport, de la présentation, etc.
Evalutil;Santé Publique France;;;;;;;;;;;
Université de Bordeaux ;;;;;;;;;;;;
Epinano;;Cohorte en cours de recrutement;Santé publique France (INRS, Inspection médicale du travail, OPPBTP, CEA, Univ Bordeaux,  ..); ;public (SpF);Données de santé (éventail large); visites sur site Santé publique France pour les expositions professionnelles (cahier d'observations techniques);30 entreprises environ;2014;"Expositions: Dès inclusion d'une entreprise.
Travailleurs: à l'inclusion puis à j+1 an";NAF 2008 - CPS;SNDS (données travailleurs + questionnaires)
Centralisation des plombémies professionnelles;Santé publique France;Ile de France et Nord pas de Calais;Rassembler de manière aussi exhaustive que possible les résultats des dosages de plombémie prescrits en médecine du travail dans une base unique afin de réaliser une exploitation statistique à l’échelle nationale et documenter l’imprégnation au plomb des travailleurs salariés en France.;Recueil des Plombémies professionnelles sur deux régions l'ile de France et la région Nord pas de calais;Envoi d'un questionnaire ua médecin du travail;;PCS 2003/ NAF 2008;Les données pourraient être accessibles sur demande.;Gratuit;;;
"Surveillance des retraités du RSI exposés à l’amiante (ESPRI)


";Santé Publique France;Nouvelle Aquitaine, Normandie, Hauts de France;Evaluer la proportion des travailleurs indépendants retraités exposés à des cancérogènes et surveiller leur devenir sanitaire ;"Matrices Emploi-exposition : poussiere alvéolare de silice cristalline libre et amiante
Auto-questionnaire sur données professionnelles
Examens médicaux et scanners si exposition à l'amiante intermédiaire ou forte
Examens d'expert pour déterminer l'exposition individuelle à l'amiante
Statut vital et causes de décès, consommation de soins";"Envoi d'un auto-questionnaire par la RSI à l'inclusion
Croisement avec les matrices
Extraction des BDMA
Travaux d'expertises pour l'exposition à l'amiante";15 000 individus retraités;"NAF, PCS, Citi, CITP, CIM-10 (mortalité)
Exposition a l'amiante selon la Conférence de consensus de 1999";Documents pour faire demande de fichiers et engagement concernant l'utilisation des données;Gratuit;Données mises à disposition sous Excel;;Utilisation des données spécifiées dans les documents de demande
"Suivi des victimes de l'amiante

";Santé Publique France;France entière;Surveiller le devenir sanitaire des victimes de l'amiante qui se sont manifestées auprès du FIVA;Données sur la nature de la pathologie indemnisée, le taux d'indemnisation, le statut vital, la cause de décès le cas échéant;Données déjà recueillies dans le cadre de l'indemnisation des victimes;30 000 victimes indemnisées entre 2004 et 2008;"'- Classification internationale des maladies (version 10) pour les causes de décès
- Liste succinte européenne des causes de décès (version 2012) pour regrouper les causes de décès";;Gratuit;;Excel;
"Dispositif national de surveillance des mésothéliomes (DNSM) remplaçant à terme le PNSM et la DO
";Santé Publique France;"PNSM : 21 départements - environ 300 cas par an
DO : national (métropole et DOM) - environ 650 cas par an";Produire des indicateurs de surveillance des mésothéliomes par secteurs et professions, en fonction des expositions à l'amiante prof et env (incidence, fractions attribuables, fréquence selon …) et selon les modalités de reconnaissance médico-sociale : demande, reconnaissance ...  ;"Données de santé (diagnostic de mésothéliome);
données d'expositions environnementales et professionnelles;
données de reconnaissance médico-sociale:";Système de surveillance et déclaration obligatoire (plusieurs modalités de collecte);;;;Gratuit;;;
"Cohorte de surveillance de la mortalité par profession (COSMOP)

";Santé Publique France;Descriptif de l'entreprise et des postes occupés, statuts vitaux et causes médicales de décès;Produire des indicateurs de surveillance de la mortalité par profession et secteur d'activité;public (SpF);Données : issues d'échantillons Insee avec appariement individuel aux causes médicales de décès;Exploitation de données existantes;2006;;;Difficultés d'accès à la mise à jour des données en raison des obstacles juridiques sur l'appariement.;;
COSET-MSA;Santé Publique France;France métropolitaine + DOM (Martinique, Guadeloupe, Réunion);"Produire des indicateurs de surveillance de la santé et des expositions  par profession et secteur d'activité, chez les affiliés de la MSA;";"questionnaire : caractéristiques socio-démographiques, conditions de travail et expositions professionnelles, santé déclarée, habitudes de vie, données exposition, données santé déclarative, historique de carrière.
Collecte initiale en 2017 (inclusion); puis suivi à long terme,";A l'inclusion puis périodique = questionnaire en ligne + extraction des BDMA;180 000 invités, 30 000 répondants au questionnaire attendus;PCS 2003 et NAF 2008 pour emplois;"Etude en préparation au moment du remplissage de cette fiche, une procédure d'accès aux données sera probablement élaborée ultérieurement, elle ne peut donc pas être décrite à l'heure actuelle; cet accès n'est pas envisageable avant la consolidation et le codage de l'ensemble des données d'inclusion (donc pas avant au moins 2019)";;;;
COSET-RSI;Santé Publique France;France métropolitaine + DOM (Martinique, Guadeloupe, Guyane, Réunion);"Produire des indicateurs de surveillance de la santé et des expositions  par profession et secteur d'activité, chez les affiliés du RSI ;";"Questionnaire : caractéristiques socio-démographiques, conditions de travail et expositions professionnelles, santé déclarée, habitudes de vie, données exposition, données santé déclarative, historique de carrière.
Collecte initiale en 2017 (inclusion); puis suivi à long terme,";A l'inclusion puis périodique = questionnaire en ligne + extraction des BDMA;300 000 invités, 30 000 répondants au questionnaire envisagés;PCS 2003 et NAF 2008 pour emplois;"Etude en préparation au moment du remplissage de cette fiche, une procédure d'accès aux données sera probablement élaborée ultérieurement ,elle ne peut donc pas être décrite à l'heure actuelle; en tout état de cause cet accès n'est pas envisageable avant la consolidation et le codage de l'ensemble des données d'inclusion (donc pas avant au moins 2019)";;;;
Maladies à caractère professionnel (MCP);Santé Publique France;;"*  Surveiller les MCP pour estimer des prévalences et décrire les agents d’exposition associés,
* Repérer les situations professionnelles les plus à risque selon les branches,
* Suivre l’évolution dans le temps,
* Alerter : repérer des pathologies émergentes et de nouveaux facteurs de risque d’origine professionnelle,
* Participer à la révision/extension des tableaux de MPI pour améliorer le système d'indémnisation des MP,
 *Contribuer à l’estimation/compréhension de la sous-déclaration des MPI.";"Patholigies, agents d'exposotion associés, caracteristiques socio-démographiques et professionnelles des salariés;";Pendant les visites;En 2017, 7 régions participent (nouveau découpage);Annuelle;Indicateurs régionaux annuels mis en ligne sur site Internet de Santé publique France;Travail collaboratif avec équipe MCP pour exploitation de la base nationale.;;;
EXP-PRO;Santé Publique France;;Mettre à disposition d'un large public les outils d'aide à l'évaluation des expositions professionnelles développés par Santé publique France et ses partenaires;"- Matrices emplois-expositions du programme Matgéné
- matrices emplois-expositions SUMEX réalisées à partir des données de Sumer2003
- accès direct au site d'Evalutil
- accès à l'outil de codage des professions et secteurs d'activité CAPS
- accès aux tables de passage entre nomenclatures d'emplois développées par Santé publique France";;;"* nomenclatures utilisées dans les matrices
* CAPS aide au codage pour de nomresbuses versiosn de nomenclatures d'emplois utilisées au niveau national, européene et international.";;Gratuit;Possibilité de charger certaines données sous format excel;;
CIPA / CIPA-TOX;Santé Publique France;Métropole. Quelques données non exhaustives pour les Dom.;Mettre à disposition des données sur les usages historiques des subtances actives phytosanitaires et certaines caractéristiques toxicologiques.;Usage homologué : pour chaque substances active, les années d'autorisation d'usage pour 7 groupes d'usages et 32 usages. Données toxicologiques : pour chaque substance active,11 effets sanitaires renseignés en 18 variables (entre 1 et 4 variables par effet).;"Recensement exhaustif des usages dans les index Acta (ouvrages papier); Revue réglèmentaire et bibliographique pour les données toxicologiques (UE, US-EPA, Circ, Furetox, Toxnet, etc.)";Près d'un millier de substances actives phytopharmaceutiques recensées.;Nom des subtsances actives phytopharmaceutiques recensées.;Mise à disposition des données sur Internet concernant les usages. Mise à disposition prochaine pour les données toxicologiques. Accès libre de l'ensemble de la base prochainement prévu en consultation modérée sur Internet.;Gratuit;Non concerné;Excel;En cas de demande d'accès à la totalité de la base : utilisation des données selon les objectifs et hypothèses d’étude définis dans la demande formalisée, citation de la source dans les publications et fourniture d'un exemplaire de l'article, du rapport, de la présentation, etc. Citation de la source dans les autres cas.
Multi-Expo;Santé Publique France;France entière;"Produire des indicateurs (d'exposition et) de multi-exposition professionnelle à des nuisances ayant un même effet sanitaire (cancer, effet cutanés, respiratoires,…);

Repérer et décrire les situations professionnelles à risque sanitaire en France";Données d'expositions issues du questionnaire lors de la visite médicale salarié-médecin du travail;Sumer : entretien en face à face lors de la visite médicale périodique (Médecin du Travail) ou autoquestionnaire;Environ 48 000 (Sumer);Cf. Sumer;;;;Excel;
"Surveillance de la mortalité par suicide des agriculteurs exploitants
Inscrit dans le 1er Plan de prévention du suicide dans le monde agricole";Santé Publique France;France métropolitaine;"• Mesurer la mortalité par suicide dans la population des exploitants agricoles selon des caractéristiques sociodémographiques et professionnelles
• Comparer la mortalité par suicide des agriculteurs exploitants à la mortalité par suicide en population générale
• Décrire les caractéristiques socioprofessionnelles associées à la mortalité par suicide chez les agriculteurs exploitants
";données sociodémographiques de la CCMSA appariées avec les causes médicales de décès;"Transmission des bases sociodémographiques et la liste des personnes décédées;
Recherche des statuts vitaux auprès du RNIPP;
Recherche des causes de décès dans les bases de mortalité du CépiDc-Inserm
 ";500 000;"CIM-10 (mortalité)
NAF (activité)
Données professionnelles de la CCMSA";;;;;
"Surveillance de la mortalité par suicide des salariés agricoles

Inscrit dans le 2e Plan de prévention du suicide dans le monde agricole";Santé Publique France;France métropolitaine;"• Mesurer la mortalité par suicide dans la population des salariés agricoles selon des caractéristiques sociodémographiques et professionnelles
• Comparer la mortalité par suicide des salariés agricoles à la mortalité par suicide en population générale
• Décrire les caractéristiques socioprofessionnelles associées à la mortalité par suicide chez les salariés agricoles
";données sociodémographiques de la CCMSA appariées avec les causes médicales de décès;"Transmission des bases sociodémographiques et la liste des personnes décédées;
Recherche des statuts vitaux auprès du RNIPP
Recherche des causes de décès dans les bases de mortalité du CépiDc-Inserm
 ";2 900 000;"CIM-10 (mortalité)
NAF (activité)
Données professionnelles de la CCMSA";;;;;
COLCHIC;INRS;France entière;Disposer de valeurs d'expositions professionnelles pour les substances et agents chimiques et biologiques de façon à mieux agir en prévention;Valeurs d'expostition respiratoires aux substances et agents chimiques et biologiques;Par les LIC, les Carsat, la CRAMIF, les CGSS, la CNAMTS-DRP, l'INRS;920 000 résultats de mesure;NAF rév 02 2008, ROME ANPE version 1,2 pour les activités CAS, EINECS pour les substances et agents chimiques;Extractions sur demande motivée réalisables par l'INRS ; possibilité offerte sur le site de l'INRS d'interroger directement en ligne des extractions en ce qui concerne les solvants (SOLVEX) et les fibres hors amiante (FIBREX);Gratuit;selon demande;selon demande
SOLVEX;INRS;France entière;Disposer de valeurs d'expositions professionnelles pour les solvants de façon à mieux agir en prévention;Valeurs d'expostition respiratoires aux solvants;Par les LIC, les Carsat, la CRAMIF, les CGSS, la CNAMTS-DRP, l'INRS;plus de 350 000 résultats de mesure pour quelque 250 substances ou agents chimiques;NAF rév 02 2008, ROME ANPE version 1,2 pour les activités CAS, EINECS pour les substances et agents chimiques;;Gratuit;impression;impression;citation source
FIBREX;INRS;France entière;Disposer de valeurs d'expositions professionnelles pour les fibres organiques ou inorganiques (hors amiante) de façon à mieux agir en prévention;Valeurs d'expostition respiratoires aux fibres organiques ou inorganiques (hors amiante);Par les LIC, les Carsat, la CRAMIF, les CGSS, la CNAMTS-DRP, l'INRS;environ 6 000 résultats de mesure;NAF rév 02 2008, ROME ANPE version 1,2 pour les activités CAS, EINECS pour les substances et agents chimiques;;Gratuit;impression;impression;citation source
SCOLA;INRS;France entière;Disposer de valeurs d'expositions professionnelles pour les substances et agents chimiques soumis à valeur limite d'exposition professionnelle réglementaire;Valeurs d'expostition respiratoires aux substances et agents chimiques soumis à valeur limite d'exposition professionnelle réglementaire;Par les laboratoires accrédités;Plus de 500 000 résultats de mesure;NAF rév 02 2008, ROME ANPE version 1,2 pour les activités CAS, EINECS pour les substances et agents chimiques;Exploitation à l'attention de la DGT;non applicable;selon demande;selon demande;sans objet
SCOL@miante;INRS;France entière;Disposer de valeurs d'expositions professionnelles pour l'évaluation a priori de l'empoussièrement des procédés d'intervention sur matériaux amiantés;Valeurs d'expostition respiratoires à l'amiante selon les procédés employés;Par les laboratoires accrédités;Plus de 70 000 mesures d'amiante;NAF rév 02 2008, ROME ANPE version 1,2 pour les activités CAS, EINECS pour les substances et agents chimiques;;Gratuit;non applicable;page d'écran imprimable;sans objet
EPICEA;INRS;France entière;Capitaliser analyses d'accidents et retours d'expérience correspondants de façon à mieux agir en prévention;Compte-rendus d'accident, données descriptives des circonstances de l'accident;Par les services prévention et tarification des Carsat, CRAMIF, CGSS;23 500 fiches;NAF rév 02 2008, CITP 2008, nomenclature spécifique;;Gratuit;impression;sans objet;citation source
SEPIA;INRS;France entière;Disposer de la composition des mélanges mis sur le marché et utilisés dans les entreprises, dans un but de prévention des risques professionnels et de traitement des éventuelles pathologies induites;Responsable de la mise sur le marché, nom commercial, noms des substances, pourcentage de ces substances, données physico-chimiques, usages, type d'emballage, classification, étiquetage, FDS;Déclaration par le responsables de la mise sur le marché, par voie électronique (Déclaration-synapse) ou toute autre modalité. Obligatoire pour certaines catégories de danger, à la demande de l'INRS ou spontanée pour les autres ;Environ 100 000 compositions;CAS, EINECS pour les substances et agents chimiques, nomenclature spécifique pour les usages; il n'est pas dans l'objectif de la base et de la réglementation qui la régit de produire des données agrégées;Extractions possible respactant le cadre réglementaire sur demande motivée réalisables par l'INRS;Gratuit;Courrier INRS;selon demande
ORFILA;INRS;France entière;Disposer de la composition des mélanges mis sur le marché et utilisés dans les entreprises, dans un but de prévention des risques professionnels et de traitement des éventuelles pathologies induites;Responsable de la mise sur le marché, nom commercial, noms des substances, pourcentage de ces substances, données physico-chimiques, usages, type d'emballage, classification, étiquetage, FDS;Extraction automatique de SEPIA par l'INRS;Environ 100 000 compositions;CAS, EINECS pour les substances et agents chimiques, nomenclature spécifique pour les usages; impossibilité de produire des données agrégées dans un souci de respect de la réglementation;Convention spécifique à chaque correspondant avec l'INRS;Gratuit;page d'écran;non applicable
EVREST;GIS EVREST;France entière;"Constituer une base de données nationale permettant la production :
- De connaissances sur le travail, la santé et leurs relations dans le temps
- De « références » (par secteurs, métier…) utilisables pour des comparaisons dans le cadre d’exploitations plus locales
";Données sociodémographiques, conditions de travail perçues, santé infra-pathologique;Autoquestionnaire pour la partie sur le travail / entretien en face à face pour la partie santé;Environ 12 à 13 000 / an, depuis 8 ans;NAF 2008, PCS-ESE 2003;Accès aux données individuelles: sur demande pour les chercheurs;Gratuit;Excel;HTML;Citation du GIS Evrest
Enquête Santé et Itinéraire Professionnel (SIP);DREES;;;;;;;;;;;
Cohorte Gazel;INSERM;France entière;Cohorte généraliste ouverte aux chercheurs Risques professionnels, déterminantns sociaux, vieillissement ;Santé générale, pathologies,  TMS, santé mentale, absentéisme, invalidité, mortalité, expositions professionnelles, comportements de santé, facteurs sociaux, biobanque, examen de santé;Questionnaires, examens de santé, appariement bases médico-administratives;20 000 agents EDF-GDF;Classifications internes EDF-GDF, PCS, codes CIM-10;Dépôt d'un projet selon formulaire standard;Gratuit pour l'essentiel sauf données spécifiques (biospecimen, données SNIIRAM) ;Selon demande;NA;Transfert de fichiers de données
Cohorte Constances;INSERM;21 départements métropolitains;Cohorte généraliste ouverte aux chercheurs pour travaux de recherche, estimations de prévalences dans la population française adulte. Risques professionnels, déterminantns sociaux, vieillissement ;Santé générale, pathologies,  TMS, santé mentale, absentéisme, invalidité, mortalité, expositions professionnelles, comportements de santé, facteurs sociaux, biologie, examen de santé, santé des femmes;Questionnaires, examens de santé, prélèvements sanguins et urinaires, appariement bases médico-administratives;200 000 participants, échantillon population générale, 18-69 ans à l'inclusion;PCS, codes CIM-10;Dépôt d'un projet selon formulaire standard, rwamen par le Conseil scientifique, validation par le Comité de pilotage institutionnel;Selon nombre et nature des données demandées;Selon demande;Selon demande;Transfert de fichiers de données
COI;DARES;;;;;;;;;;;
(DREES / DGAFP / INSEE / DGLFLF / CEE);;;;;;;;;;;;
Banque Nationale de Données BND;CNRACL - Fonds National de Prévention (Caisse des dépots);Ensemble des collectivités territoriales et hospitalières volontaires;La loi du 17 juillet 2001 a créé un Fonds national de prévention des AT/MP et en a confié la gestion à la CDC. La 1ere mission • établir, au plan national, des statistiques dans le domaine des AT/MP.;Données AT/MP qui sont précisées quant aux causes et circonstances de leur survenue,;Logiciel Prorisq;Pour l'année 2015  couverture hospitalière de 270 000 individus, territoriale 640 000 individus (soit 27 % des actifs hospitaliers CNRACL et  41% des actifs territoriaux CNRACL);NET-NEH pour grades;Données agrégées disponibles dans les rapports BND, accessibles sur le site internet de la CNRACL (rubrique FNP);;Gratuit;A étudier;Excel
Base de données HYGIE;IRDES;France entière;Mettre à disposition de la rechercher et des institutions publiques un outil innovant qui permet d'alimenter la réflexion et les connaissances sur les liens entre les parcours professionnels et le recours aux prestations d'assurance maladie, en particulier les indemnités journalières, les accidents du travail et les maladies professionnelles. ;Données sur les indemnités journalières, sur les accidents du travail et les maladies professionnelles, sur les consommations de soins (hors hôpital public), sur les carrières des salariés et sur leurs employeurs.;Appariement de données administratives;911 848;CIM-10 (pathologies), NAF (activités);L'accès aux données de la base Hygie nécessite de faire une demande d'autorisation évaluation des pratiques de soins auprès de la Cnil et d'obtenir l'accord du comité d'exploitation qui juge de l'adéquation des données avec le projet d'exploitation. ;Gratuit;SAS;SAS;
SIC (Système d'information Concret);APCME;;;;;;;;;;;
Enquête Permanente Cancers Professionnels;GISCOP 93;"Le Giscop93 s'appuie sur une enquête permanente menée en Seine-Saint-Denis auprès de patients atteints de cancers primitifs de localisations spécifiques. Recueil des données médicales auprès des services hospitaliers partenaires ; recueil de données biographiques et reconstitution du parcours professionnel auprès des patients ; identification des expositions aux cancérogènes lors de réunions d'expertise pluridisciplinaire des parcours professionnels (codage des expositions en : probabilité, fréquence, intensité, présence de pic(s) et durée). Recueil des données de suivi du dossier de déclaration en maladie professionnelle auprès du patient suivi et des services de la sécurité sociale.";Connaître les parcours professionnels pour identifier les situations d'exposition ; identifier les obstacles à la prévention des expositions professionnelles à des cancérogènes avérés. ;"Public (CG93, DGT, UP13, DREES, CPAM du 93) ; Associations (AMET, Ligue départementale contre le Cancer du 93)";Dossier médical / Matériau qualitatif issu des entretiens renseignant sur les situations d'exposition / Expertise des parcours et codage des expositions / Evènements concernant l'évolution des dossiers de déclaration en maladie professionnelle. ;Environ 2 200 enregistrements;CIM-10 (pathologies), NAF 2003 (activités), PCS 2003 (professions) / liste de 54 cancérogènes avérés figurant dans les listes CIRC et UE;Accès restreint ;Accès restreint;Publications scientifiques / tableau de bord annuel / exploitations statistiques possibles sur demande;Publications et rapports disponibles sur demande / exploitations statistiques soumises à condition en fonction de la demande et des ressources humaines disponibles.
Données du SNIIRAM (consommations de soin, etc.);CNAMTS;;;;;;;;;;;
Base nationale SGE-TAPR (Système de Gestion des Entreprises - Tarification Prévention;CNAMTS;France métropolitaine + DOM (Réunion, Guyane, Martinique, Guadeloupe). Mayotte devrait être intégré à terme. En revanche, les ex-TOM sont hors champ.;Données de sinistralité pour éclairer les priorités de prévention et fonder une tarification différenciée des entreprises;Existence d’un dictionnaire des données;Systèmes d'information de gestion de l'Assurance maladie;Toutes les entreprises actives + entreprises radiées dont les sinistres engendrent encore des prises en charge par la Branche AT-MP.;"Secteurs économiques : NAF
Professions : CITP08 sur 2 caractères pour AT/TJ sur 4 caractères pour les MP
Siège et natures des lésions, circonstances des accidents : SEAT III
MP : n°s tableaux Syndromes  CIM10 ou approchant";"Accès aux données conditionné par les obligations :
• en ce qui concerne les personnes physiques :
 - de faire en sorte de ne pas permettre l’identification des personnes physiques ;
 - de faire en sorte de ne pas porter à la connaissance de personnes autres que celles qui ont à les connaître de par leur position, fonction… des informations à caractère médical sur des victimes d’AT-MP ;

• en ce qui concerne les entreprises :
 - de faire en sorte de ne pas porter à la connaissance de personnes autres que celles qui ont à les connaître de par leur position, fonction… des informations relatives à la sinistralité AT-MP des entreprises, sauf autorisations explicites de celles-ci.
";;Bases SAS ou fichers textes;Bases SAS ou fichiers texte ou fichiers excel;Sous réserve des conditions d'accès, pas de condition particulière si ce n'est l'obligation de mentionner les sources.
EXPORISQ-HAP : exposition professionnelle  aux Hydrocarbures Aromatiques Polycycliques (HAP) et activités à risques;Equipe de Médecine du Travail du CHU de Grenoble;régional, national et international en fonction des secteurs d'activité;Déterminer les niveaux d'exposition aux HAP et identifier les activités professionnelles à risque;Données d'exposition : essentiellement indicateurs biologiques d'exposition, plus rarement niveaux atmosphériques;collecte des échantillons  et questionnaires remplis par les SST (ou par nos soins);3500 sujets, 321 entreprises;"Codage de nombreux paramètres individuelle (âge, tabac…) et surtout d'exposition (EPI, EPC, acitivité...); thésaurus propres notamment pour l'activité professionnelle car NAF et CITP pas assez détaillés";Analyse des données par l'Equipe de Médecine du Travail du CHU de Grenoble en vue d'une mission d'évaluation des expositions et de prévention; rendu des résultats collectifs au SST et/ou à l'entreprise et aux pouvoirs publiques (conventions);Coût fonction de la demande et du travail à effectuer;Rendu d'analyse individuelle;Rapport d'analyses collectives
"ACACI.APST Centre
(Analyse Collective des besoins diagnostic territorial)";APST Centre-Val de Loire;;"• Produire un diagnostic au niveau local (SSTI région Centre-Val de Loire) et régional, en collaboration avec les partenaires régionaux de la Santé au Travail :  Disposer d’une analyse descriptive des grandes expositions aux risques sur des populations spécifiques
• Aider à la prise de décision pour la  mise en place d’actions collectives, de déploiement des ressources et d’orientation d’actions de prévention
• A terme, améliorer l’efficacité de la prévention des risques professionnels et des conditions de travail par une adaptation de la  prévention aux populations ciblées par les résultats d’ACACIA (en fonction : du niveau de risque, de la taille des entreprises ciblées, des poly-expositions, des effectifs, …)
";"Données SSTI région Centre-Val de Loire :
- Données extraites de la base administrative : identifiant adhérent, secteur d’activité, effectifs globaux, effectifs SMR et/ou SIR déclarés par l’employeur, identifiant du médecin anonymisé, secteur géographique / médical / métier, code postal.
- Données administratives extraites de la base médicale : sexe, année de naissance, code métier PCS (et/ou code ROME), date d’embauche.
Données SUMER 2010 (taux régionaux estimés – SESE Direccte, APST Centre-Val de Loire) + Données Evrest nationales + Données de sinistralité région Centre-Val de Loire (AT/MP selon secteur, métier, localisation et évolution des indicateurs)";"• Données SSTI région Centre-Val de Loire : extractions logiciels métiers
• Données de sinistralité (région et départements) : extractions logiciel Carsat Centre
• Données Evrest / Données SUMER 2010 : entretiens face à face (transversal répété pour SUMER, recueil longitudinal pour Evrest)";Entreprises adhérentes : ≈ 55 000 / Salariés suivis : ≈ 580 000;Données SSTI région Centre-Val de Loire : NAF 2008 / PCS-ESE / thésaurus harmonisés en cours;Accès aux données et aux résultats issus d'ACACIA dédiés aux partenaires-utilisateurs du projet (Copil ACACIA régional Centre-Val de Loire : SSTI, Direccte, Carsat);Inclus dans la cotisation des SSTI région Centre-Val de Loire;Excel, CSV;Excel, ppt, pdf;"Confidentialité / règles de diffusion : lors d'utilisation en région par les partenaires-utilisateurs : ""Document interne - Ne pas diffuser"" inscrits sur l'ensemble des documents"
Système National de Gestion des Carrières;CNAV;;;;;;;;;;;
Déclaration obligatoire d'emploi des travailleurs handicapés (DOETH) ;AGEFIPH;;;;;;;;;;;
SISERI;IRSN;Tout travailleur relevant du droit du travail français;"Centraliser, consolider les résultats de la surveillance dosimétrique individuelle des travailleurs ; mettre à disposition des médecins du travail et des PCR chargés du suivi de ces travailleurs (vérification du respect des limites réglementaires de dose); expertise sur l'exposition des travailleurs ; études épidémiologiques";"Données indivdiduelles de dosimétrie opérationnelle ; Données individuelles de dosimétrie de référence (résultats de dosimétrie externe passive, des analyses radiotoxicologiques, des examens anthroporadiométriques) ";Envoi par accès internet sécurisé (sauf doses engagées transmises par courrier);environ 32000 employeurs, 1.749.985 travailleurs référencés en cumulé (360.973 travailleurs ayant eu au moins une dose enregistrée en 2016); une semaine pour la dosimétrie opérationnelle;Accès restreint (sur convention avec organisme de recherche dans le cadre d'études épidémiologiques);;Gratuit;Affichage + excel;Excel
Phyt'attitude;CCMSA;France métropolitaine ;"Repérer les intoxications aux produits phytosanitaires et en décrire les circonstances professionnelles :
- Repérer les produits les plus impliqués
- Repérer les situations professionnelles à risque
- En déduire les mesures de prévention technique ou organisationnelle pertinentes";Eléments diagnostics, cliniques et d'expositions individuelles, imputabilité (pathologies aigües);Entretien au cours d'une enquête sur le lieu de travail et, le cas échéant, au cours d'une visite médicale;06/17 : 3000 dossiers (2/3 pathologies aigües, 1/3 path. Chroniques);"NOSTA Nomenclature des situations de travail en agriculture
Méthode française d'imputabilité employée en pharmacovigilance (JO 1985)";Accès en fonction de la demande à certaines données agrégées sur demande à la DSST CCMSA;;non;texte / rapport;autorisation
Observatoire des zoonoses en agriculture;CCMSA;France métropolitaine;"Repérer les zoonoses en lien avec le travail dans les entreprises du régime agricole, et décrire les circonstances d'exposition :
- Repérer les pathologies les plus fréquentes
- Repérer des pathologies non déclarées
- Repérer les pratiques à risque";"Diagnostic de zoonoses (certaines, probables, possibles)
Données socio-professionnelles
Données d'exposition";Entretien en face à face avec le médecin du travail MSA et éventuellement enquête sur le lieu de travail;500 (06/2017);NOSTA Nomenclature des situations de travail en agriculture;Accès en fonction de la demande à certaines données agrégées sur demande à la DSST CCMSA;;non;texte / rapport;autorisation
Sérothèque;CCMSA;France métropolitaine;"Projets de recherches de séroprévalence
Repérer des expsositions à des agents infectieux initialement non connus";Idem;Rencontre individuelle au cours d'un examen de santé;3000 (06/2017);NOSTA Nomenclature des situations de travail en agriculture;Présentation du projet à la DSST CCMSA, accord et signature d'une convention;En fonction de la convention;Excel;Excel;En fonction de la convention